kmeans_cluster,n_crashes,n_serious,serious_rate
0,77136,1928,0.02499481435386849
1,55123,1531,0.027774250312936524
2,36356,1168,0.03212674661678953
3,8698,249,0.02862727063692803
